timestamp,open,high,low,close,volume,ma7,ma30,ma99
2025-03-31 06:00:00,82524.8,82672.6,82026.2,82199.3,2893.708,,,
2025-03-31 07:00:00,82199.3,82732.5,81501.4,82392.0,13422.816,,,
2025-03-31 08:00:00,82392.1,82400.0,81888.8,82352.8,5360.597,,,
2025-03-31 09:00:00,82353.1,82416.0,81222.0,81607.9,11797.156,,,
2025-03-31 10:00:00,81607.9,82241.0,81498.3,81925.4,8812.071,,,
2025-03-31 11:00:00,81926.1,82144.9,81600.0,81894.8,5428.237,,,
2025-03-31 12:00:00,81894.8,82000.0,81419.8,81491.5,5499.492,81980.52857142857,,
2025-03-31 13:00:00,81491.6,81831.0,81358.1,81806.0,4558.171,81924.34285714287,,
2025-03-31 14:00:00,81806.0,82275.5,81791.2,82133.7,5330.214,81887.44285714286,,
2025-03-31 15:00:00,82133.8,82237.3,81872.5,82016.2,4857.32,81839.35714285714,,
2025-03-31 16:00:00,82016.1,82266.9,81700.0,81895.2,5080.565,81880.40000000001,,
2025-03-31 17:00:00,81895.1,82228.0,81840.0,81864.0,4877.339,81871.62857142856,,
2025-03-31 18:00:00,81864.0,81926.7,81290.7,81419.8,8801.557,81803.77142857143,,
2025-03-31 19:00:00,81419.9,82196.9,81250.0,82136.2,8899.193,81895.87142857142,,
2025-03-31 20:00:00,82136.3,82236.0,81853.9,82171.5,6256.564,81948.08571428571,,
2025-03-31 21:00:00,82171.6,83183.0,81879.7,82735.8,15235.198,82034.1,,
2025-03-31 22:00:00,82735.8,82826.8,81600.5,82462.1,21951.625,82097.8,,
2025-03-31 23:00:00,82462.1,83724.0,82450.0,83447.6,29074.673,82319.57142857143,,
2025-04-01 00:00:00,83447.6,83895.8,83336.2,83373.4,13759.654,82535.2,,
2025-04-01 01:00:00,83373.3,83655.4,83200.0,83250.7,7243.008,82796.75714285715,,
2025-04-01 02:00:00,83250.7,83508.3,82522.0,82627.6,8456.548,82866.95714285714,,
2025-04-01 03:00:00,82627.6,83539.8,82627.5,83244.2,8581.873,83020.2,,
2025-04-01 04:00:00,83244.1,83407.6,82350.0,82426.7,8624.822,82976.04285714286,,
2025-04-01 05:00:00,82426.7,82817.6,82314.2,82393.2,5800.521,82966.2,,
2025-04-01 06:00:00,82393.3,82722.9,82377.0,82528.8,3309.419,82834.94285714286,,
2025-04-01 07:00:00,82528.9,82538.1,82221.0,82372.3,3691.378,82691.92857142857,,
2025-04-01 08:00:00,82372.3,82898.6,82242.4,82517.5,6137.978,82587.18571428572,,
2025-04-01 09:00:00,82517.5,82775.4,82383.3,82598.4,4653.565,82583.01428571428,,
2025-04-01 10:00:00,82598.4,82710.2,82409.6,82670.9,3014.731,82501.11428571427,,
2025-04-01 11:00:00,82670.9,83094.3,82610.1,83060.7,4127.39,82591.68571428572,82367.20666666668,
2025-04-01 12:00:00,83060.8,83213.0,82888.0,82929.9,3448.534,82668.35714285714,82391.56000000001,
2025-04-01 13:00:00,82930.0,83194.9,82846.1,83025.2,2609.182,82739.27142857142,82412.66666666667,
2025-04-01 14:00:00,83025.3,83292.0,82951.0,82967.1,3432.179,82824.24285714285,82433.14333333333,
2025-04-01 15:00:00,82967.2,83460.0,82852.8,83420.1,5047.381,82953.1857142857,82493.55,
2025-04-01 16:00:00,83420.2,83565.0,83334.0,83415.2,4143.285,83069.87142857142,82543.21,
2025-04-01 17:00:00,83415.2,84181.2,83401.0,84069.9,11261.216,83269.72857142857,82615.71333333333,
2025-04-01 18:00:00,84070.0,84359.0,84062.0,84314.8,8438.152,83448.88571428573,82709.82333333332,
2025-04-01 19:00:00,84314.8,84474.8,84107.1,84139.9,9088.5,83621.74285714285,82787.61999999998,
2025-04-01 20:00:00,84139.9,84170.0,83790.0,83879.9,7199.77,83743.84285714287,82845.82666666668,
2025-04-01 21:00:00,83880.0,84119.4,83549.2,83569.7,7259.511,83829.92857142857,82897.61,
2025-04-01 22:00:00,83569.7,83869.0,83360.2,83619.5,12074.672,83858.41428571427,82955.08666666667,
2025-04-01 23:00:00,83623.1,84332.3,82505.0,84147.3,32639.324,83963.0,83031.19666666668,
2025-04-02 00:00:00,84147.4,85475.0,84133.8,85245.4,29173.124,84130.92857142857,83158.71666666666,
2025-04-02 01:00:00,85245.5,85452.5,84758.1,85067.0,14641.69,84238.3857142857,83256.41,
2025-04-02 02:00:00,85067.0,85289.6,84857.4,85068.3,5736.738,84371.01428571428,83352.97,
2025-04-02 03:00:00,85068.4,85130.4,84666.3,85074.3,6957.755,84541.64285714286,83430.92,
2025-04-02 04:00:00,85074.3,85140.3,84770.0,84911.7,4657.02,84733.35714285714,83512.57333333332,
2025-04-02 05:00:00,84911.6,85329.3,84715.7,85193.7,5913.181,84958.24285714285,83570.77666666667,
2025-04-02 06:00:00,85193.7,85435.2,85075.0,85181.2,3103.253,85105.94285714286,83631.03666666665,
2025-04-02 07:00:00,85181.3,85431.5,85026.7,85065.1,3245.4,85080.18571428572,83691.51666666666,
2025-04-02 08:00:00,85065.0,85595.5,84923.1,85120.9,5397.623,85087.8857142857,83774.62666666666,
2025-04-02 09:00:00,85121.0,85217.9,84870.0,84918.5,4108.648,85066.48571428572,83830.43666666666,
2025-04-02 10:00:00,84918.4,85178.9,84806.0,85101.4,4534.61,85070.35714285714,83919.59333333332,
2025-04-02 11:00:00,85101.3,85127.6,84594.4,84674.1,6633.258,85036.41428571429,83995.62333333332,
2025-04-02 12:00:00,84674.0,84871.5,84479.2,84509.5,3979.677,84938.67142857143,84061.64666666667,
2025-04-02 13:00:00,84509.5,84695.0,84430.0,84568.5,4076.067,84851.14285714286,84134.85333333332,
2025-04-02 14:00:00,84568.5,84568.5,84075.1,84075.1,6217.983,84709.71428571429,84186.77333333333,
2025-04-02 15:00:00,84075.2,84326.4,83846.0,84089.4,8381.756,84562.35714285714,84236.47333333333,
2025-04-02 16:00:00,84089.4,84431.1,83970.0,84389.8,5546.593,84486.82857142856,84293.77,
2025-04-02 17:00:00,84389.7,84728.0,84220.0,84621.3,5741.217,84418.24285714285,84345.79,
2025-04-02 18:00:00,84621.3,85425.0,84588.4,84982.0,12532.889,84462.22857142858,84414.19333333333,
2025-04-02 19:00:00,84982.0,85262.6,84769.0,84822.7,6197.662,84506.97142857143,84474.11000000002,
2025-04-02 20:00:00,84822.7,84937.6,84500.1,84528.4,5572.296,84501.24285714286,84526.15333333334,
2025-04-02 21:00:00,84528.3,85037.9,84424.3,85009.3,7976.194,84634.7,84579.12666666666,
2025-04-02 22:00:00,85009.3,86100.0,84424.1,85184.0,30117.481,84791.07142857143,84638.08666666666,
2025-04-02 23:00:00,85183.6,85932.8,85133.0,85825.0,19753.855,84996.09999999999,84696.59,
2025-04-03 00:00:00,85825.1,87288.0,85754.3,86709.5,43556.372,85294.41428571429,84776.41333333333,
2025-04-03 01:00:00,86709.5,87182.1,86534.7,87013.1,12358.538,85584.57142857143,84872.18666666668,
2025-04-03 02:00:00,87013.0,87255.0,86303.7,86567.6,15351.113,85833.84285714287,84961.77666666666,
2025-04-03 03:00:00,86567.5,86691.8,86168.0,86245.6,7329.351,86079.15714285716,85050.97333333334,
2025-04-03 04:00:00,86245.5,86989.4,86142.0,86854.2,7757.16,86342.71428571429,85158.79666666666,
2025-04-03 05:00:00,86854.2,88500.0,85180.2,85622.6,72153.199,86405.37142857142,85207.97333333333,
2025-04-03 06:00:00,85623.2,85717.8,84184.1,84812.7,18245.864,86260.75714285715,85193.55,
2025-04-03 07:00:00,84812.8,84812.8,82635.3,82784.3,24324.556,85700.01428571428,85117.45999999999,
2025-04-03 08:00:00,82784.2,82830.0,82300.0,82485.1,16518.039,85053.15714285713,85031.35333333333,
2025-04-03 09:00:00,82485.1,83365.1,82137.3,83181.9,19246.894,84569.48571428572,84968.27333333333,
2025-04-03 10:00:00,83182.0,83889.2,83050.0,83712.0,11386.321,84207.54285714286,84928.28333333334,
2025-04-03 11:00:00,83712.1,83844.9,83237.5,83728.3,8511.095,83760.98571428572,84879.43666666668,
2025-04-03 12:00:00,83728.2,83736.6,83301.5,83449.0,4394.476,83450.47142857143,84821.69666666668,
2025-04-03 13:00:00,83449.2,83707.9,83238.0,83522.1,3980.839,83266.09999999999,84770.26333333334,
2025-04-03 14:00:00,83522.1,83676.6,83300.0,83306.9,3457.918,83340.75714285715,84709.79666666668,
2025-04-03 15:00:00,83307.0,83385.1,82962.1,83023.9,5082.279,83417.72857142857,84646.64333333334,
2025-04-03 16:00:00,83024.0,83464.9,82966.7,83423.7,5491.162,83452.27142857143,84590.72,
2025-04-03 17:00:00,83423.7,83774.1,83411.6,83638.9,7589.473,83441.82857142857,84556.21333333335,
2025-04-03 18:00:00,83638.9,83730.0,83399.4,83440.4,5644.414,83400.69999999998,84520.57666666668,
2025-04-03 19:00:00,83440.4,83705.6,83114.0,83185.5,7080.303,83363.05714285713,84474.47666666667,
2025-04-03 20:00:00,83185.5,83321.8,83008.4,83058.1,5531.057,83296.77142857143,84440.57666666668,
2025-04-03 21:00:00,83058.0,83112.0,81830.0,81912.3,24164.255,83097.54285714285,84368.00666666667,
2025-04-03 22:00:00,81912.3,82748.0,81755.0,82335.1,26809.846,82999.14285714286,84299.51666666666,
2025-04-03 23:00:00,82335.1,82374.5,81250.0,81494.9,25295.306,82723.59999999999,84195.30333333333,
2025-04-04 00:00:00,81494.8,82059.3,81172.2,82001.8,15866.145,82489.72857142857,84095.96333333333,
2025-04-04 01:00:00,82001.7,82463.7,81633.3,81801.9,13318.28,82255.65714285713,83995.27,
2025-04-04 02:00:00,81801.8,82155.0,81594.8,81796.2,7037.392,82057.18571428572,83904.19666666667,
2025-04-04 03:00:00,81796.1,82285.0,81504.8,82074.1,7595.606,81916.6142857143,83806.35666666667,
2025-04-04 04:00:00,82074.0,82337.0,81792.3,81977.4,7381.695,81925.91428571427,83699.47,
2025-04-04 05:00:00,81977.4,82393.1,81754.9,82324.1,5180.874,81924.34285714287,83582.77333333335,
2025-04-04 06:00:00,82324.1,82825.6,82283.4,82680.0,5441.171,82093.64285714286,83448.45666666668,
2025-04-04 07:00:00,82679.9,82835.2,82548.0,82700.9,4352.143,82193.51428571428,83304.71666666666,
2025-04-04 08:00:00,82700.8,83298.0,82457.5,83181.5,9324.575,82390.59999999999,83191.84666666666,83512.99898989899
2025-04-04 09:00:00,83181.7,83376.0,82960.8,83005.4,6280.212,82563.34285714287,83083.84,83521.14141414141
2025-04-04 10:00:00,83005.5,83325.0,82553.8,82665.4,9413.23,82647.81428571428,82944.21333333335,83523.90303030303
2025-04-04 11:00:00,82665.5,83150.0,82664.9,82873.3,4011.341,82775.8,82852.57,83529.16060606061
2025-04-04 12:00:00,82873.2,83031.6,82644.0,82787.9,3361.779,82842.05714285714,82785.07666666666,83541.07979797981
2025-04-04 13:00:00,82787.9,82887.0,82569.9,82681.6,3228.594,82842.28571428571,82781.65333333334,83548.71818181819
2025-04-04 14:00:00,82681.6,83180.0,82598.3,83154.1,4419.901,82907.02857142857,82803.95333333334,83561.43838383838
2025-04-04 15:00:00,83154.1,83230.6,83000.1,83018.9,3796.358,82883.8,82798.52,83576.86666666667
2025-04-04 16:00:00,83018.9,83987.0,83010.4,83968.2,12897.509,83021.34285714284,82807.06,83598.70707070707
2025-04-04 17:00:00,83968.1,84621.6,83968.1,84372.9,16000.035,83265.27142857143,82828.54666666666,83621.32525252525
2025-04-04 18:00:00,84372.8,84686.2,84090.1,84532.3,9808.308,83502.27142857143,82864.65666666666,83646.7404040404
2025-04-04 19:00:00,84532.3,84652.2,82377.6,82534.4,40064.205,83466.05714285714,82831.73333333334,83653.19696969698
2025-04-04 20:00:00,82534.5,82734.6,81624.6,82633.7,25088.359,83459.21428571429,82809.29333333332,83660.97171717172
2025-04-04 21:00:00,82633.7,83500.0,82192.2,82842.6,25452.202,83414.71428571429,82803.25,83675.34343434343
2025-04-04 22:00:00,82842.6,83488.0,82111.0,83304.2,30886.78,83455.47142857143,82799.26666666666,83687.14141414141
2025-04-04 23:00:00,83304.2,83490.9,81796.6,82534.7,30935.155,83250.68571428572,82762.45999999999,83690.81010101011
2025-04-05 00:00:00,82534.6,83682.9,82451.4,82822.0,40784.685,83029.12857142856,82741.84666666666,83691.68080808081
2025-04-05 01:00:00,82821.9,83534.1,82700.0,83354.8,18404.573,82860.91428571429,82747.48999999999,83700.69797979797
2025-04-05 02:00:00,83354.1,84580.0,82915.3,84433.9,22815.317,83132.27142857143,82793.34999999999,83710.66060606061
2025-04-05 03:00:00,84433.9,84554.6,83680.2,83950.0,14604.224,83320.31428571428,82861.27333333333,83716.48484848485
2025-04-05 04:00:00,83949.9,84421.9,83743.6,83971.9,11249.083,83481.64285714286,82915.83333333333,83723.76969696968
2025-04-05 05:00:00,83969.3,84253.0,83449.7,84125.9,7796.109,83599.02857142857,83003.53333333334,83738.90404040404
2025-04-05 06:00:00,84126.0,84422.9,83900.1,84148.8,5917.214,83829.6142857143,83075.1,83748.04141414141
2025-04-05 07:00:00,84148.8,84248.5,83980.0,84025.0,2287.197,84001.47142857143,83149.20333333332,83764.18585858586
2025-04-05 08:00:00,84025.0,84079.2,83604.4,83861.3,3606.836,84073.82857142857,83218.04000000001,83779.01515151515
2025-04-05 09:00:00,83861.4,83861.4,83323.7,83760.0,4869.735,83977.55714285714,83274.23666666666,83791.45151515151
2025-04-05 10:00:00,83759.9,84244.5,83755.5,83949.1,5570.907,83977.42857142857,83339.95999999999,83807.37878787878
2025-04-05 11:00:00,83949.1,84069.0,83766.8,83945.9,3066.818,83973.71428571429,83394.02,83821.80707070706
2025-04-05 12:00:00,83945.9,83946.0,83574.9,83585.7,3516.312,83896.54285714286,83424.20999999999,83831.7797979798
2025-04-05 13:00:00,83585.6,83832.1,83558.3,83648.1,2285.976,83825.01428571428,83455.78333333334,83841.65050505051
2025-04-05 14:00:00,83648.2,83827.6,83588.0,83645.6,2066.417,83770.81428571428,83471.25333333334,83847.55858585858
2025-04-05 15:00:00,83645.5,83699.0,83300.5,83440.9,3671.107,83710.75714285715,83485.77,83852.72020202021
2025-04-05 16:00:00,83440.9,83528.4,83330.0,83490.0,2597.314,83672.18571428572,83513.25666666667,83857.41515151516
2025-04-05 17:00:00,83490.0,83620.0,83326.2,83479.7,2652.858,83605.12857142858,83533.47,83862.59292929292
2025-04-05 18:00:00,83479.7,83829.5,83479.7,83804.3,2990.375,83584.90000000001,83567.35,83866.47373737374
2025-04-05 19:00:00,83804.2,83866.3,83538.3,83609.2,2779.284,83588.25714285715,83598.27,83868.43333333333
2025-04-05 20:00:00,83609.1,83656.7,83419.2,83428.4,3096.039,83556.87142857142,83607.41333333333,83861.95353535353
2025-04-05 21:00:00,83428.3,83516.8,83091.5,83243.2,6126.552,83499.3857142857,83614.88999999998,83851.1292929293
2025-04-05 22:00:00,83243.2,83300.0,82471.2,82714.1,14337.046,83395.55714285713,83573.08666666667,83836.72727272728
2025-04-05 23:00:00,82714.1,82983.0,82623.3,82867.5,5725.966,83306.62857142856,83522.90666666666,83826.50101010101
2025-04-06 00:00:00,82867.6,82867.6,82333.8,82576.4,6922.359,83177.58571428571,83457.70999999999,83816.46767676767
2025-04-06 01:00:00,82576.5,82782.1,82561.8,82703.0,3592.538,83020.25714285714,83463.33,83807.2101010101
2025-04-06 02:00:00,82703.0,82920.7,82631.4,82832.6,2611.867,82909.31428571428,83469.95999999999,83793.9303030303
2025-04-06 03:00:00,82832.6,83069.4,82805.6,82993.2,3164.39,82847.14285714286,83474.98,83771.18080808081
2025-04-06 04:00:00,82993.2,83108.8,82732.0,82818.7,3025.905,82786.5,83458.79666666666,83748.47070707071
2025-04-06 05:00:00,82818.7,83070.0,82781.5,83038.0,2775.654,82832.77142857143,83475.57333333332,83727.96262626263
2025-04-06 06:00:00,83038.1,83200.0,82855.0,82876.4,2321.303,82834.04285714286,83477.38666666667,83705.76161616162
2025-04-06 07:00:00,82876.4,83180.0,82873.9,83147.6,1900.791,82915.64285714286,83470.48,83687.94242424243
2025-04-06 08:00:00,83147.5,83674.9,83084.7,83506.1,7906.691,83030.37142857142,83439.55333333333,83670.89595959596
2025-04-06 09:00:00,83506.1,83585.4,83376.4,83489.9,3244.81,83124.27142857143,83424.21666666666,83653.81212121212
2025-04-06 10:00:00,83490.0,83790.5,83376.2,83396.5,4780.829,83181.8857142857,83405.03666666665,83636.95757575758
2025-04-06 11:00:00,83396.6,83460.0,83232.2,83264.1,2695.09,83245.5142857143,83376.31,83618.20202020202
2025-04-06 12:00:00,83264.1,83374.8,83100.0,83301.7,2986.936,83283.18571428572,83348.07333333333,83601.8707070707
2025-04-06 13:00:00,83301.7,83462.6,83191.3,83462.0,1863.376,83366.84285714287,83329.30666666667,83585.3111111111
2025-04-06 14:00:00,83462.0,83496.9,83288.0,83411.2,2177.542,83404.5,83314.30333333332,83572.55454545455
2025-04-06 15:00:00,83411.1,83430.8,83061.5,83068.0,2906.239,83341.91428571429,83291.23666666665,83557.99393939394
2025-04-06 16:00:00,83068.0,83168.9,82980.0,82990.9,3981.219,83270.62857142856,83259.29666666668,83542.05858585858
2025-04-06 17:00:00,82990.9,83013.1,82679.9,82992.9,6362.802,83212.97142857141,83227.53,83531.12727272727
2025-04-06 18:00:00,82992.9,83143.9,82885.9,83039.0,2617.021,83180.81428571428,83209.30666666667,83520.51717171718
2025-04-06 19:00:00,83039.0,83044.0,82664.2,82828.4,4314.032,83113.19999999998,83181.98333333334,83504.74545454547
2025-04-06 20:00:00,82828.4,82888.8,82625.0,82810.1,3537.05,83020.07142857143,83154.13333333333,83486.4505050505
2025-04-06 21:00:00,82810.1,82944.0,82600.1,82663.0,5063.618,82913.18571428572,83128.20333333334,83463.02626262626
2025-04-06 22:00:00,82663.0,82811.8,82155.4,82256.2,10953.438,82797.21428571429,83087.07666666666,83437.10202020203
2025-04-06 23:00:00,82256.1,82750.0,82170.0,82630.0,8021.51,82745.65714285713,83058.75333333333,83417.92626262626
2025-04-07 00:00:00,82630.0,82785.5,82350.0,82497.4,5563.416,82674.87142857142,83015.19,83392.55353535354
2025-04-07 01:00:00,82497.4,82524.9,81877.6,81932.5,10570.735,82516.8,82959.3,83359.7101010101
2025-04-07 02:00:00,81932.0,81950.0,80507.1,80765.9,30607.751,82222.15714285713,82870.55,83308.60808080809
2025-04-07 03:00:00,80765.9,80765.9,78635.0,79066.6,45666.235,81687.37142857142,82731.33000000002,83231.40707070706
2025-04-07 04:00:00,79066.6,79810.2,78788.0,79572.6,21943.344,81245.88571428573,82626.61333333333,83156.2505050505
2025-04-07 05:00:00,79572.6,79858.7,78500.0,78843.7,19125.021,80758.3857142857,82492.48666666666,83078.23131313131
2025-04-07 06:00:00,78843.8,79660.9,78676.3,78920.6,13443.371,80228.47142857143,82370.62666666668,83004.24141414142
2025-04-07 07:00:00,78920.6,79100.9,77762.5,78034.4,36194.217,79590.90000000001,82215.00666666667,82915.15252525252
2025-04-07 08:00:00,78034.4,78682.6,77111.0,78390.0,32572.151,79084.82857142857,82066.92,82842.09595959596
2025-04-07 09:00:00,78390.1,78489.5,77378.3,78295.7,24056.799,78731.94285714286,81910.33666666667,82776.26767676767
2025-04-07 10:00:00,78295.8,79311.5,78276.4,79093.9,18598.154,78735.84285714287,81786.17666666668,82738.9909090909
2025-04-07 11:00:00,79093.9,79189.6,78360.3,78405.9,9644.57,78569.17142857143,81631.77333333335,82697.78686868686
2025-04-07 12:00:00,78405.9,78480.6,77311.0,77669.6,17153.156,78401.44285714286,81458.21333333333,82642.10707070706
2025-04-07 13:00:00,77669.5,77950.0,76611.1,76959.9,24170.99,78121.34285714287,81251.95666666668,82573.90404040403
2025-04-07 14:00:00,76959.9,77480.2,76625.1,76915.9,15806.547,77961.55714285714,81032.28333333334,82505.09191919191
2025-04-07 15:00:00,76915.9,77274.2,74508.0,74781.4,51001.047,77446.04285714285,80742.0,82417.54040404041
2025-04-07 16:00:00,74781.4,75456.2,74457.0,75084.1,29698.753,76987.24285714285,80464.92,82332.30808080808
2025-04-07 17:00:00,75084.1,76795.3,75051.7,76223.2,30911.038,76577.14285714286,80230.22333333334,82260.75555555556
2025-04-07 18:00:00,76223.1,76765.5,75700.0,76244.7,20375.742,76268.4,79994.98999999999,82192.2787878788
2025-04-07 19:00:00,76244.8,77550.6,76109.5,76953.9,25027.782,76166.15714285713,79778.05333333333,82126.92727272728
2025-04-07 20:00:00,76954.0,77372.2,76396.8,76655.9,14844.672,76122.72857142857,79552.87666666668,82056.39191919191
2025-04-07 21:00:00,76656.0,77642.8,76367.2,77300.0,34863.137,76177.59999999999,79360.61000000002,81994.36767676768
2025-04-07 22:00:00,77299.9,78450.0,75761.5,78319.9,50110.973,76683.09999999999,79204.90999999999,81945.2202020202
2025-04-07 23:00:00,78319.9,81200.0,77814.3,78999.2,150767.273,77242.40000000001,79071.78666666665,81904.2212121212
2025-04-08 00:00:00,78999.3,79330.0,77469.1,78444.6,48718.768,77559.74285714285,78918.63999999998,81869.19393939394
2025-04-08 01:00:00,78444.6,78544.3,77262.6,77394.8,23359.755,77724.04285714285,78737.52,81819.29191919192
2025-04-08 02:00:00,77394.8,79189.9,77390.0,79031.4,30158.427,78020.82857142857,78611.56333333332,81794.40808080808
2025-04-08 03:00:00,79032.4,79347.1,78232.2,78444.4,20386.955,78276.32857142856,78470.94333333333,81758.47474747474
2025-04-08 04:00:00,78444.4,78999.9,77968.1,78086.3,17630.793,78388.65714285713,78331.94666666668,81720.94343434343
2025-04-08 05:00:00,78093.7,79100.0,78060.0,78908.1,8654.022,78472.68571428572,78207.88333333333,81691.77070707071
2025-04-08 06:00:00,78907.0,79563.0,78642.6,79200.0,5661.817,78501.37142857142,78097.96999999999,81662.7393939394
2025-04-08 07:00:00,79199.9,80184.7,79137.1,79919.5,10595.855,78712.07142857143,78030.86999999998,81641.95252525252
2025-04-08 08:00:00,79919.5,80055.4,79046.1,79140.0,11646.478,78961.3857142857,77976.67333333332,81609.7898989899
2025-04-08 09:00:00,79140.1,79565.0,78952.0,78981.2,7127.446,78954.21428571429,77973.82666666666,81572.42828282827
2025-04-08 10:00:00,78981.1,80768.8,78726.5,80564.0,19272.292,79257.01428571428,78006.87333333334,81550.84343434342
2025-04-08 11:00:00,80563.9,80832.1,79856.0,79911.8,10927.99,79517.8,78042.47666666665,81517.81616161617
2025-04-08 12:00:00,79911.8,80168.7,79713.4,79869.2,7105.842,79655.1,78074.09666666666,81486.13737373737
2025-04-08 13:00:00,79869.3,80383.4,79820.0,80259.9,4884.529,79806.51428571428,78148.28,81461.83939393939
2025-04-08 14:00:00,80259.8,80272.0,79502.7,79830.1,7199.434,79793.74285714286,78196.28333333334,81431.09999999999
2025-04-08 15:00:00,79830.1,79830.1,79249.3,79414.6,7641.605,79832.97142857143,78233.58,81397.02626262626
2025-04-08 16:00:00,79414.8,79680.2,79177.0,79448.6,6143.203,79899.74285714286,78245.40333333334,81364.36969696969
2025-04-08 17:00:00,79448.5,79486.3,78893.1,79129.8,8492.616,79694.85714285714,78269.53333333334,81323.7202020202
2025-04-08 18:00:00,79129.9,79199.9,78827.5,78873.8,6384.472,79546.57142857143,78309.67333333332,81281.8505050505
2025-04-08 19:00:00,78873.9,79150.5,78788.0,78979.2,4992.219,79419.42857142857,78376.98333333334,81231.45656565655
2025-04-08 20:00:00,78979.7,80049.8,78932.0,79949.7,14026.886,79375.1142857143,78478.11000000002,81186.77777777778
2025-04-08 21:00:00,79949.7,80094.4,79523.9,79800.9,12127.852,79370.94285714286,78645.42666666668,81138.98585858586
2025-04-08 22:00:00,79800.9,80359.5,79333.0,79856.0,30662.165,79434.0,78804.49,81111.93131313131
2025-04-08 23:00:00,79856.0,80236.4,78423.1,78440.5,29066.368,79289.98571428572,78878.4,81069.57575757576
2025-04-09 00:00:00,78440.4,78815.0,78136.0,78460.0,20630.623,79194.3,78952.24333333335,81025.30707070707
2025-04-09 01:00:00,78459.9,78500.0,77327.0,77393.5,26021.065,78982.82857142856,78966.89666666667,80965.60303030303
2025-04-09 02:00:00,77393.5,77530.0,76527.3,77314.6,33532.247,78745.02857142859,78988.85333333333,80912.87474747475
2025-04-09 03:00:00,77314.7,77963.0,77041.5,77219.7,16762.07,78355.02857142857,78986.17666666667,80856.28585858586
2025-04-09 04:00:00,77219.7,77329.7,76311.0,76830.0,23859.401,77930.6142857143,78936.51333333334,80790.37878787878
2025-04-09 05:00:00,76832.0,77177.0,76570.0,77106.6,7486.499,77537.84285714287,78873.42666666668,80716.36565656564
2025-04-09 06:00:00,77107.5,77259.9,76698.5,77074.7,4438.284,77342.72857142857,78827.76333333335,80646.91818181818
2025-04-09 07:00:00,77074.7,77107.6,76200.1,76695.3,11856.835,77090.62857142858,78804.44666666667,80573.41717171717
2025-04-09 08:00:00,76695.3,76766.2,76264.8,76297.9,7767.591,76934.1142857143,78713.33,80494.34646464646
2025-04-09 09:00:00,76298.0,76834.6,75888.0,76494.0,16633.074,76816.8857142857,78648.31666666667,80417.02525252526
2025-04-09 10:00:00,76494.0,76568.9,74578.5,76038.0,38163.428,76648.07142857143,78580.04000000001,80336.34848484848
2025-04-09 11:00:00,76038.0,76444.7,75529.6,75636.0,13376.189,76477.5,78470.97,80253.26464646465
2025-04-09 12:00:00,75636.0,75840.2,74962.5,75040.0,10924.879,76182.27142857143,78332.30333333333,80165.18383838383
2025-04-09 13:00:00,75039.9,76866.2,74952.0,76383.1,25956.886,76083.47142857143,78214.42333333334,80088.7595959596
2025-04-09 14:00:00,76383.1,76787.9,76164.9,76699.9,9156.374,76084.12857142856,78133.08666666667,80015.56767676768
2025-04-09 15:00:00,76700.0,77277.0,76666.1,76799.1,12943.793,76155.72857142857,78060.35,79947.01616161616
2025-04-09 16:00:00,76799.0,77906.6,76778.5,77651.4,27059.587,76321.07142857143,77963.26333333334,79886.44343434343
2025-04-09 17:00:00,77651.3,77833.8,77035.0,77267.2,11649.054,76496.67142857143,77875.11000000002,79822.01515151515
2025-04-09 18:00:00,77267.1,77500.0,77122.4,77429.6,6759.218,76752.90000000001,77793.79000000001,79761.29494949494
2025-04-09 19:00:00,77429.6,77543.5,76895.1,77159.2,10000.071,77055.64285714286,77690.43333333333,79697.34747474747
2025-04-09 20:00:00,77161.1,77165.8,75735.9,76204.1,44226.018,77030.07142857143,77569.56666666667,79623.85656565656
2025-04-09 21:00:00,76204.1,77050.0,75988.0,76731.6,19977.094,77034.59999999999,77480.13333333333,79552.41515151515
2025-04-09 22:00:00,76731.5,77816.2,76666.0,77648.8,33249.938,77155.98571428572,77420.13999999998,79492.20909090909
2025-04-09 23:00:00,77648.8,78288.8,76748.6,76841.7,28330.924,77040.31428571428,77343.87000000001,79425.67676767676
2025-04-10 00:00:00,76841.7,77616.4,76815.8,77237.6,16462.474,77036.08571428571,77289.33000000002,79365.01414141414
2025-04-10 01:00:00,77237.5,78331.9,77104.0,78227.9,13994.138,77150.12857142858,77264.28666666667,79319.69898989899
2025-04-10 02:00:00,78228.0,82277.0,77597.7,82161.9,104441.395,77864.8,77338.02666666666,79312.57171717171
2025-04-10 03:00:00,82161.9,82967.4,81666.0,81758.0,48373.211,78658.21428571429,77403.26333333334,79304.30505050505
2025-04-10 04:00:00,81758.0,82550.0,81738.3,82291.4,17027.709,79452.47142857143,77484.44333333333,79300.14747474747
2025-04-10 05:00:00,82291.4,83229.5,81980.1,83157.7,18811.949,80239.45714285714,77641.68333333333,79303.43131313131
2025-04-10 06:00:00,83157.8,83554.9,82800.0,83237.0,16799.559,81153.07142857143,77800.91666666667,79305.89393939394
2025-04-10 07:00:00,83237.0,83449.9,82912.5,83019.5,8981.306,81979.05714285714,77988.45,79307.92222222222
2025-04-10 08:00:00,83019.5,83130.0,82500.0,82588.0,7351.594,82601.92857142857,78164.23,79303.37676767676
2025-04-10 09:00:00,82587.9,82706.9,82022.0,82310.1,9424.045,82623.09999999999,78333.91,79297.65656565657
2025-04-10 10:00:00,82310.0,82566.2,82177.7,82207.9,6450.739,82687.37142857142,78513.17333333334,79288.16464646465
2025-04-10 11:00:00,82208.0,82518.6,82142.7,82152.0,5506.719,82667.45714285714,78681.35333333333,79274.48686868687
2025-04-10 12:00:00,82152.1,82175.4,81424.3,81731.8,13128.845,82463.75714285715,78836.59,79256.72828282828
2025-04-10 13:00:00,81731.9,82050.0,81606.0,81978.8,5672.556,82284.01428571428,79012.70666666668,79242.40808080808
2025-04-10 14:00:00,81978.8,82200.0,81876.3,82115.5,5527.059,82154.87142857142,79206.62666666668,79230.80606060606
2025-04-10 15:00:00,82115.6,82315.4,81794.4,82115.9,6283.192,82087.42857142857,79394.02333333335,79218.82828282828
2025-04-10 16:00:00,82115.9,82216.9,81241.1,81561.6,10729.341,81980.5,79578.14333333334,79199.63232323232
2025-04-10 17:00:00,81561.5,81816.8,81388.0,81518.0,5901.858,81881.94285714286,79774.21,79180.50909090908
2025-04-10 18:00:00,81517.9,82044.3,81300.9,81995.7,8394.242,81859.6142857143,80006.06666666667,79169.67777777778
2025-04-10 19:00:00,81995.8,82083.3,81532.0,81720.1,7346.307,81857.94285714286,80183.96666666666,79156.84141414141
2025-04-10 20:00:00,81720.1,81907.5,81461.8,81839.2,6183.863,81838.0,80355.27666666667,79145.18787878788
2025-04-10 21:00:00,81839.1,82488.0,81404.7,81673.5,20535.746,81774.85714285714,80517.75666666667,79131.39494949495
2025-04-10 22:00:00,81673.5,81909.9,80734.1,80844.8,23955.603,81593.27142857143,80624.20333333334,79111.35858585857
2025-04-10 23:00:00,80844.9,81798.9,80607.0,81239.3,21152.449,81547.22857142857,80756.60666666666,79095.49191919192
2025-04-11 00:00:00,81239.2,81312.3,78559.0,78731.7,49651.697,81149.18571428572,80800.01,79055.78181818181
2025-04-11 01:00:00,78731.7,79649.4,78416.0,79406.1,27159.159,80779.24285714285,80874.90666666668,79026.99292929293
2025-04-11 02:00:00,79406.0,79647.1,78572.1,79286.0,17130.422,80431.5142857143,80977.63666666667,78993.21515151515
2025-04-11 03:00:00,79286.0,79840.0,79176.2,79451.0,11165.607,80090.34285714287,81068.28333333334,78962.44343434344
2025-04-11 04:00:00,79451.1,80011.8,79255.5,79611.1,12252.552,79795.71428571429,81133.69333333334,78938.99494949495
2025-04-11 05:00:00,79611.1,79915.8,79520.0,79894.6,5787.142,79659.97142857143,81235.45666666665,78930.19393939394
2025-04-11 06:00:00,79894.6,79999.9,79640.0,79676.8,3734.166,79436.75714285715,81316.76333333334,78936.35757575757
2025-04-11 07:00:00,79676.9,79886.6,79502.5,79652.3,4348.411,79568.27142857143,81364.24333333333,78937.16262626262
2025-04-11 08:00:00,79652.4,79705.2,79335.2,79560.2,6240.38,79590.28571428571,81277.52,78944.40000000001
2025-04-11 09:00:00,79560.3,79711.6,78935.5,79010.2,10158.97,79550.8857142857,81185.92666666667,78945.30505050505
2025-04-11 10:00:00,79010.7,80427.9,78979.8,80405.9,12331.867,79687.3,81123.07666666668,78969.2595959596
2025-04-11 11:00:00,80405.8,80800.0,80108.8,80254.1,12299.491,79779.15714285716,81026.29,78988.08888888889
2025-04-11 12:00:00,80254.1,80855.0,80250.0,80796.9,6882.614,79908.05714285714,80944.95333333334,79013.35353535354
2025-04-11 13:00:00,80796.9,81089.2,80670.8,80832.9,7843.792,80073.21428571429,80872.06666666667,79030.9191919192
2025-04-11 14:00:00,80833.0,80870.0,80460.0,80774.3,6318.066,80233.5,80811.61,79054.84242424242
2025-04-11 15:00:00,80774.2,81329.4,80774.2,81058.0,8074.915,80447.47142857143,80769.87333333332,79089.06868686869
2025-04-11 16:00:00,81058.0,81388.0,80800.0,81213.6,8021.557,80762.24285714285,80736.73,79132.03535353535
2025-04-11 17:00:00,81213.7,81874.5,80691.3,81591.9,25648.069,80931.67142857143,80718.06,79179.26767676767
2025-04-11 18:00:00,81591.9,82395.8,81404.4,82388.0,14292.782,81236.51428571428,80739.93333333333,79256.10202020202
2025-04-11 19:00:00,82388.0,82944.3,82259.1,82666.0,14687.554,81503.52857142857,80762.84,79332.68686868687
2025-04-11 20:00:00,82666.0,82860.0,81970.6,82096.6,14127.588,81684.05714285714,80762.20999999999,79392.01414141414
2025-04-11 21:00:00,82096.5,82500.0,81788.0,82075.9,12598.601,81870.0,80760.87666666666,79450.91515151515
2025-04-11 22:00:00,82075.9,83297.9,81779.4,82877.5,24346.0,82129.92857142857,80804.73999999999,79510.7494949495
2025-04-11 23:00:00,82877.6,82877.6,81305.0,81856.7,29638.021,82221.8,80816.03,79563.28282828283
2025-04-12 00:00:00,81856.8,82674.4,81667.5,82486.7,13342.392,82349.62857142858,80832.39666666667,79615.67373737374
2025-04-12 01:00:00,82486.8,82979.5,81968.0,82748.7,13718.73,82401.15714285713,80866.68333333333,79660.40909090909
2025-04-12 02:00:00,82748.7,84049.8,82650.0,83888.2,20978.466,82575.75714285715,80934.98333333334,79709.79292929293
2025-04-12 03:00:00,83888.2,84178.7,83466.0,83562.1,14069.511,82785.11428571427,80997.93666666666,79761.48484848485
2025-04-12 04:00:00,83562.1,83925.0,83504.4,83809.5,5433.377,83032.77142857143,81096.76,79826.2797979798
2025-04-12 05:00:00,83809.5,83990.0,83661.4,83800.1,4378.175,83164.57142857143,81182.12000000001,79874.44848484849
2025-04-12 06:00:00,83800.0,84300.0,83600.0,83634.2,7106.19,83418.5,81345.53666666667,79926.8707070707
2025-04-12 07:00:00,83634.3,83678.2,83277.6,83380.8,5340.432,83546.22857142857,81478.02666666666,79980.3505050505
2025-04-12 08:00:00,83380.8,83527.6,83115.1,83378.3,4140.711,83636.17142857144,81614.43666666668,80025.50404040403
2025-04-12 09:00:00,83378.3,83537.6,83193.4,83322.6,4939.117,83555.37142857144,81743.48999999999,80067.14646464646
2025-04-12 10:00:00,83322.6,83410.3,83104.9,83181.5,4191.914,83501.0,81862.50333333333,80100.09595959596
2025-04-12 11:00:00,83181.6,83279.6,82764.6,82768.7,5551.511,83352.31428571428,81958.30666666667,80136.74949494949
2025-04-12 12:00:00,82768.7,83100.0,82756.0,82940.3,4022.908,83229.48571428572,82067.09,80176.7404040404
2025-04-12 13:00:00,82940.3,83433.0,82824.2,83175.5,6552.852,83163.95714285714,82184.53,80203.1191919192
2025-04-12 14:00:00,83176.4,83479.1,83153.9,83299.3,3208.185,83152.3142857143,82309.16666666667,80237.33636363636
2025-04-12 15:00:00,83299.3,83754.1,83299.2,83521.0,5591.559,83172.7,82459.52666666667,80274.22323232323
2025-04-12 16:00:00,83520.9,83785.4,83444.5,83685.4,6205.727,83224.52857142857,82568.84333333332,80308.82424242423
2025-04-12 17:00:00,83685.4,83998.9,83439.1,83568.7,7336.667,83279.84285714287,82679.33000000002,80346.58787878788
2025-04-12 18:00:00,83568.7,83735.8,83381.2,83506.9,3464.856,83385.3,82769.66333333333,80387.92424242424
2025-04-12 19:00:00,83507.0,83533.3,83260.0,83392.9,2849.548,83449.95714285714,82854.99666666666,80427.76565656565
2025-04-12 20:00:00,83392.9,83611.2,83374.2,83484.0,2528.721,83494.02857142857,82945.32,80471.74747474748
2025-04-12 21:00:00,83484.0,83892.5,83432.6,83800.0,5626.969,83565.55714285714,83036.72,80521.50707070707
2025-04-12 22:00:00,83800.0,84671.4,83522.7,84413.1,20790.76,83693.0,83143.37000000001,80576.39494949495
2025-04-12 23:00:00,84413.0,85300.0,84260.4,84786.2,20785.026,83850.25714285714,83249.84666666666,80625.24848484849
2025-04-13 00:00:00,84786.2,85388.0,84602.7,84974.1,11679.234,84051.02857142859,83336.05,80677.50303030302
2025-04-13 01:00:00,84974.1,85178.1,84546.5,84624.1,8164.118,84210.62857142858,83401.32,80725.66565656564
2025-04-13 02:00:00,84624.0,84833.7,84389.5,84730.7,5689.588,84401.74285714285,83489.12333333334,80789.20303030303
2025-04-13 03:00:00,84730.7,85155.0,84711.9,85131.3,3735.293,84637.07142857143,83590.97,80856.5898989899
2025-04-13 04:00:00,85131.4,85225.0,84785.7,84891.8,4249.434,84793.04285714286,83658.11333333333,80932.3303030303
2025-04-13 05:00:00,84891.7,85884.2,84830.8,85475.1,11078.642,84944.75714285715,83778.72666666665,81014.7595959596
2025-04-13 06:00:00,85475.0,85537.3,85211.0,85317.1,4349.584,85020.59999999999,83873.07333333333,81096.55151515151
2025-04-13 07:00:00,85317.2,85669.9,85280.0,85293.6,2851.903,85066.24285714286,83957.90333333334,81182.04242424242
2025-04-13 08:00:00,85293.5,85400.0,85126.5,85237.8,2558.721,85153.91428571429,84002.88999999998,81264.17575757577
2025-04-13 09:00:00,85237.9,85546.4,84970.1,85470.0,4722.767,85259.52857142859,84066.48666666666,81348.97676767677
2025-04-13 10:00:00,85470.1,86100.0,85100.0,85214.8,13814.84,85271.45714285714,84113.33000000002,81435.03232323233
2025-04-13 11:00:00,85214.8,85396.4,84689.5,85250.1,7724.525,85322.64285714286,84161.66333333333,81525.45858585859
2025-04-13 12:00:00,85250.1,85700.0,85191.1,85388.8,7981.706,85310.3142857143,84220.15,81615.30505050505
2025-04-13 13:00:00,85388.8,85400.0,84451.9,84587.8,12530.516,85206.12857142858,84260.38333333333,81701.66666666667
2025-04-13 14:00:00,84587.8,84780.1,84355.1,84487.4,8964.61,85090.95714285715,84297.35333333332,81791.07474747475
2025-04-13 15:00:00,84487.3,84820.0,84415.1,84570.8,4032.366,84995.67142857143,84338.96,81887.34545454546
2025-04-13 16:00:00,84570.8,84742.3,84372.6,84378.4,3358.307,84839.72857142857,84378.85666666667,81968.10606060606
2025-04-13 17:00:00,84378.4,84665.8,84250.5,84639.8,5055.229,84757.58571428571,84441.22666666665,82048.30707070707
2025-04-13 18:00:00,84639.8,84916.6,84466.7,84874.1,5355.045,84703.87142857144,84505.68666666668,82129.87272727273
2025-04-13 19:00:00,84874.1,84918.0,84469.8,84651.6,3958.881,84598.55714285714,84554.89,82200.58181818182
2025-04-13 20:00:00,84651.5,84732.0,84160.8,84490.6,6735.707,84584.67142857143,84594.6,82273.54545454546
2025-04-13 21:00:00,84490.6,84649.0,84200.0,84420.0,6611.548,84575.04285714286,84624.56666666667,82344.15555555555
2025-04-13 22:00:00,84420.0,84567.9,83451.0,83577.0,15792.404,84433.07142857143,84620.95333333334,82408.98181818183
2025-04-13 23:00:00,83576.9,84147.5,83450.7,84043.9,12095.413,84385.28571428571,84636.79333333332,82488.17171717173
2025-04-14 00:00:00,84043.8,84043.9,83632.1,83820.1,5910.638,84268.18571428572,84647.23333333334,82559.77272727272
2025-04-14 01:00:00,83820.1,84398.5,83808.2,84183.7,9044.227,84169.55714285714,84673.59333333332,82625.78181818181
2025-04-14 02:00:00,84183.8,84999.9,84146.2,84711.5,11051.719,84178.1142857143,84714.51,82705.27474747474
2025-04-14 03:00:00,84711.3,84918.0,84476.1,84689.8,5246.041,84206.57142857143,84744.17,82780.5494949495
2025-04-14 04:00:00,84689.7,84689.7,82991.5,83949.9,17512.165,84139.41428571429,84728.73,82838.34747474748
2025-04-14 05:00:00,83950.0,84424.3,83128.0,83472.7,14146.197,84124.51428571428,84684.94666666668,82851.58787878788
2025-04-14 06:00:00,83472.7,83813.2,82999.9,83568.4,11283.32,84056.58571428571,84638.09000000001,82869.87474747475
2025-04-14 07:00:00,83568.5,83875.1,83124.9,83294.3,7533.769,83981.47142857143,84593.76333333334,82880.00505050505
2025-04-14 08:00:00,83294.3,83799.9,83118.1,83713.7,6576.44,83914.32857142856,84559.86333333333,82885.62121212122
2025-04-14 09:00:00,83713.8,85167.9,83630.9,84298.8,19814.526,83855.37142857142,84532.11333333333,82896.34646464646
2025-04-14 10:00:00,84298.8,84662.2,84043.9,84200.7,6848.078,83785.5,84509.07666666668,82908.27777777778
2025-04-14 11:00:00,84200.7,85534.8,84000.1,85087.6,16112.91,83948.02857142857,84496.16,82933.52626262626
2025-04-14 12:00:00,85087.5,85102.8,84416.2,84536.4,11135.309,84099.98571428572,84470.13666666667,82956.01414141414
2025-04-14 13:00:00,84536.4,85067.1,84388.0,84839.9,5913.758,84281.62857142858,84455.01333333334,82982.6
2025-04-14 14:00:00,84840.0,84962.8,84298.2,84536.3,4878.965,84459.05714285714,84431.62999999999,83006.68383838383
2025-04-14 15:00:00,84536.2,84610.0,84231.3,84580.5,4260.338,84582.8857142857,84401.98,83035.45858585859
2025-04-14 16:00:00,84580.4,84750.0,84170.2,84544.2,5142.222,84617.94285714286,84379.62666666666,83061.37171717173
2025-04-14 17:00:00,84544.3,84936.9,84400.0,84727.9,5505.626,84693.25714285714,84362.22,83087.7595959596
2025-04-14 18:00:00,84727.9,84878.9,84202.0,84404.4,5563.348,84595.65714285713,84329.40666666666,83110.87575757576
2025-04-14 19:00:00,84404.3,84784.0,84264.5,84622.0,5350.938,84607.8857142857,84330.54666666666,83141.7888888889
2025-04-14 20:00:00,84622.0,84925.5,84465.3,84891.5,5025.266,84615.25714285715,84344.01666666666,83175.86464646466
2025-04-14 21:00:00,84891.6,85195.8,84712.6,85099.9,6735.453,84695.77142857142,84361.65333333334,83207.2202020202
2025-04-14 22:00:00,85099.9,85242.7,84023.0,84341.4,16148.471,84661.61428571427,84360.42,83233.69797979799
2025-04-14 23:00:00,84341.4,85755.0,84225.5,85380.0,20675.962,84781.01428571428,84385.09333333334,83269.46363636364
2025-04-15 00:00:00,85380.0,85429.2,83668.9,84054.4,25741.08,84684.8,84357.77,83293.51313131313
2025-04-15 01:00:00,84054.4,84645.9,83813.9,84299.9,12806.332,84669.87142857142,84346.04666666666,83328.41313131314
2025-04-15 02:00:00,84300.0,84856.0,84172.4,84823.8,7569.167,84698.7,84357.15333333334,83364.6202020202
2025-04-15 03:00:00,84823.8,85029.2,84641.6,84950.6,5772.507,84707.14285714286,84374.84,83427.43737373738
2025-04-15 04:00:00,84950.6,85171.9,84718.8,84872.6,6213.601,84674.67142857143,84418.02666666666,83482.65454545454
2025-04-15 05:00:00,84872.5,84925.1,84488.6,84806.8,4478.325,84741.15714285713,84443.45666666668,83538.42020202019
2025-04-15 06:00:00,84806.7,84925.5,84401.3,84666.3,2680.799,84639.2,84471.66333333333,83591.1
2025-04-15 07:00:00,84666.3,84695.8,84377.5,84456.3,2492.89,84696.6142857143,84480.75,83640.04141414142
2025-04-15 08:00:00,84456.2,84738.0,84376.0,84553.9,2483.485,84732.90000000001,84475.49666666667,83687.10505050505
2025-04-15 09:00:00,84553.9,84934.8,84303.0,84876.2,5182.873,84740.3857142857,84481.70999999999,83739.62424242424
2025-04-15 10:00:00,84876.2,85103.2,84489.4,84947.1,5573.685,84739.8857142857,84514.95,83793.10707070706
2025-04-15 11:00:00,84947.1,85280.4,84661.3,85198.2,5272.294,84786.40000000001,84572.46666666666,83850.05656565656
2025-04-15 12:00:00,85198.1,85392.2,85034.0,85351.9,6302.752,84864.27142857143,84631.91666666667,83914.11414141415
2025-04-15 13:00:00,85351.9,85495.0,85109.9,85452.2,4695.391,84976.54285714286,84703.84666666666,83965.08686868688
2025-04-15 14:00:00,85452.3,85835.0,85441.6,85502.5,11161.118,85126.0,84763.47333333333,84018.101010101
2025-04-15 15:00:00,85502.5,85658.5,85318.0,85351.7,4672.811,85239.97142857141,84798.57,84064.10909090909
2025-04-15 16:00:00,85351.7,85750.0,85351.6,85691.3,3773.943,85356.41428571429,84848.25666666665,84113.18383838383
2025-04-15 17:00:00,85691.3,85948.0,85628.3,85799.9,9036.333,85478.24285714285,84872.0,84163.94747474747
2025-04-15 18:00:00,85799.9,85955.0,85560.0,85954.9,6477.534,85586.34285714284,84919.28333333334,84213.41111111111
2025-04-15 19:00:00,85955.0,85974.9,85415.1,85609.5,6601.79,85623.14285714286,84944.93666666668,84257.81414141414
2025-04-15 20:00:00,85609.5,85642.0,85314.4,85549.3,5250.422,85637.01428571428,84978.70333333334,84297.78787878787
2025-04-15 21:00:00,85549.3,85788.0,85401.6,85783.1,4414.843,85677.09999999999,85018.79000000001,84332.08181818182
2025-04-15 22:00:00,85783.1,86443.0,85450.1,85537.2,22071.767,85703.59999999999,85051.89,84361.08383838384
2025-04-15 23:00:00,85537.1,85942.5,84779.1,85096.1,29093.393,85618.57142857143,85064.16333333333,84391.38181818182
2025-04-16 00:00:00,85096.0,85348.4,84567.0,84871.9,10000.028,85486.0,85079.74666666667,84419.62424242424
2025-04-16 01:00:00,84871.9,85115.1,84727.4,84810.0,5151.705,85322.44285714286,85086.01333333335,84439.14444444445
2025-04-16 02:00:00,84810.1,84967.0,84351.0,84430.0,6993.948,85153.94285714286,85070.63000000002,84465.13737373737
2025-04-16 03:00:00,84430.1,84568.7,84096.3,84150.3,7402.273,84954.08571428571,85038.97666666665,84481.9414141414
2025-04-16 04:00:00,84150.3,84192.6,83888.0,83954.6,6669.035,84692.87142857142,85026.08333333333,84494.12222222223
2025-04-16 05:00:00,83954.5,84166.7,83760.1,83984.0,4941.903,84470.98571428572,84979.55,84495.0898989899
2025-04-16 06:00:00,83984.0,84197.9,83838.1,84137.1,3454.315,84333.98571428572,84982.30666666667,84500.89797979797
2025-04-16 07:00:00,84137.1,84137.1,83632.6,83786.9,5980.061,84178.98571428572,84965.20666666668,84500.6696969697
2025-04-16 08:00:00,83786.9,83821.1,83560.0,83608.7,4347.965,84007.37142857142,84924.70333333332,84498.73636363637
2025-04-16 09:00:00,83608.6,83662.9,83100.0,83105.2,9565.355,83818.11428571427,84863.19,84493.39292929292
2025-04-16 10:00:00,83105.1,83622.1,83063.9,83590.1,7681.11,83738.08571428571,84820.44,84495.50707070707
2025-04-16 11:00:00,83590.1,83887.9,83541.3,83861.4,5431.027,83724.77142857143,84788.92666666667,84500.38686868687
2025-04-16 12:00:00,83861.3,83915.7,83613.4,83654.0,2875.975,83677.62857142858,84755.18333333333,84503.73434343433
2025-04-16 13:00:00,83653.9,83764.9,83348.4,83552.9,4026.576,83594.17142857143,84725.07,84507.48585858586
2025-04-16 14:00:00,83553.0,83788.5,83165.8,83326.3,7982.837,83528.37142857142,84684.15,84513.11818181818
2025-04-16 15:00:00,83326.3,83702.9,83230.0,83604.0,4301.5,83527.7,84641.74333333335,84519.82222222221
2025-04-16 16:00:00,83604.1,83722.2,83273.1,83325.0,4228.477,83559.09999999999,84587.67333333334,84521.33232323232
2025-04-16 17:00:00,83325.0,84089.1,83100.0,83699.9,14590.805,83574.78571428571,84537.73,84525.37878787878
2025-04-16 18:00:00,83700.0,83894.0,83548.0,83550.9,4412.866,83530.42857142857,84477.69666666667,84525.6808080808
2025-04-16 19:00:00,83550.9,83949.7,83525.8,83895.0,4071.311,83564.85714285714,84425.79000000001,84527.79797979798
2025-04-16 20:00:00,83895.1,84091.7,83735.0,84008.5,5325.062,83629.94285714286,84375.99,84532.2404040404
2025-04-16 21:00:00,84008.4,84229.6,83946.1,84066.0,3648.614,83735.61428571427,84333.13333333333,84537.88787878788
